[{"model": "contenttypes.contenttype", "pk": 1, "fields": {"app_label": "menu", "model": "bookmark"}}, {"model": "contenttypes.contenttype", "pk": 2, "fields": {"app_label": "dashboard", "model": "dashboardpreferences"}}, {"model": "contenttypes.contenttype", "pk": 3, "fields": {"app_label": "main", "model": "dialog"}}, {"model": "contenttypes.contenttype", "pk": 4, "fields": {"app_label": "main", "model": "message"}}, {"model": "contenttypes.contenttype", "pk": 5, "fields": {"app_label": "main", "model": "userprofile"}}, {"model": "contenttypes.contenttype", "pk": 6, "fields": {"app_label": "main", "model": "wikipage"}}, {"model": "contenttypes.contenttype", "pk": 7, "fields": {"app_label": "main", "model": "contact"}}, {"model": "contenttypes.contenttype", "pk": 8, "fields": {"app_label": "admin", "model": "logentry"}}, {"model": "contenttypes.contenttype", "pk": 9, "fields": {"app_label": "auth", "model": "permission"}}, {"model": "contenttypes.contenttype", "pk": 10, "fields": {"app_label": "auth", "model": "group"}}, {"model": "contenttypes.contenttype", "pk": 11, "fields": {"app_label": "auth", "model": "user"}}, {"model": "contenttypes.contenttype", "pk": 12, "fields": {"app_label": "contenttypes", "model": "contenttype"}}, {"model": "contenttypes.contenttype", "pk": 13, "fields": {"app_label": "sessions", "model": "session"}}, {"model": "contenttypes.contenttype", "pk": 14, "fields": {"app_label": "my_admin", "model": "invite"}}, {"model": "contenttypes.contenttype", "pk": 15, "fields": {"app_label": "my_admin", "model": "gitlabmetrics"}}, {"model": "my_admin.gitlabmetrics", "pk": 1, "fields": {"fetch_date": "2020-05-19T14:46:09.215Z", "key": 3, "value": "32"}}, {"model": "my_admin.gitlabmetrics", "pk": 2, "fields": {"fetch_date": "2020-05-19T14:46:09.222Z", "key": 4, "value": "626"}}, {"model": "my_admin.gitlabmetrics", "pk": 3, "fields": {"fetch_date": "2020-05-19T14:46:09.228Z", "key": 1, "value": "14"}}, {"model": "my_admin.gitlabmetrics", "pk": 4, "fields": {"fetch_date": "2020-05-19T14:46:09.235Z", "key": 2, "value": "0"}}, {"model": "my_admin.gitlabmetrics", "pk": 5, "fields": {"fetch_date": "2020-05-19T14:51:09.310Z", "key": 3, "value": "32"}}, {"model": "my_admin.gitlabmetrics", "pk": 6, "fields": {"fetch_date": "2020-05-19T14:51:09.320Z", "key": 4, "value": "626"}}, {"model": "my_admin.gitlabmetrics", "pk": 7, "fields": {"fetch_date": "2020-05-19T14:51:09.327Z", "key": 1, "value": "14"}}, {"model": "my_admin.gitlabmetrics", "pk": 8, "fields": {"fetch_date": "2020-05-19T14:51:09.332Z", "key": 2, "value": "0"}}, {"model": "my_admin.gitlabmetrics", "pk": 9, "fields": {"fetch_date": "2020-05-19T14:56:09.474Z", "key": 3, "value": "32"}}, {"model": "my_admin.gitlabmetrics", "pk": 10, "fields": {"fetch_date": "2020-05-19T14:56:09.481Z", "key": 4, "value": "626"}}, {"model": "my_admin.gitlabmetrics", "pk": 11, "fields": {"fetch_date": "2020-05-19T14:56:09.492Z", "key": 1, "value": "13"}}, {"model": "my_admin.gitlabmetrics", "pk": 12, "fields": {"fetch_date": "2020-05-19T14:56:09.500Z", "key": 2, "value": "0"}}, {"model": "my_admin.gitlabmetrics", "pk": 13, "fields": {"fetch_date": "2020-05-19T15:06:09.422Z", "key": 3, "value": "32"}}, {"model": "my_admin.gitlabmetrics", "pk": 14, "fields": {"fetch_date": "2020-05-19T15:06:09.430Z", "key": 4, "value": "626"}}, {"model": "my_admin.gitlabmetrics", "pk": 15, "fields": {"fetch_date": "2020-05-19T15:06:09.438Z", "key": 1, "value": "13"}}, {"model": "my_admin.gitlabmetrics", "pk": 16, "fields": {"fetch_date": "2020-05-19T15:06:09.444Z", "key": 2, "value": "0"}}, {"model": "my_admin.gitlabmetrics", "pk": 17, "fields": {"fetch_date": "2020-05-19T15:11:09.643Z", "key": 3, "value": "32"}}, {"model": "my_admin.gitlabmetrics", "pk": 18, "fields": {"fetch_date": "2020-05-19T15:11:09.650Z", "key": 4, "value": "626"}}, {"model": "my_admin.gitlabmetrics", "pk": 19, "fields": {"fetch_date": "2020-05-19T15:11:09.655Z", "key": 1, "value": "13"}}, {"model": "my_admin.gitlabmetrics", "pk": 20, "fields": {"fetch_date": "2020-05-19T15:11:09.661Z", "key": 2, "value": "0"}}, {"model": "my_admin.gitlabmetrics", "pk": 21, "fields": {"fetch_date": "2020-05-19T15:16:09.710Z", "key": 3, "value": "32"}}, {"model": "my_admin.gitlabmetrics", "pk": 22, "fields": {"fetch_date": "2020-05-19T15:16:09.717Z", "key": 4, "value": "626"}}, {"model": "my_admin.gitlabmetrics", "pk": 23, "fields": {"fetch_date": "2020-05-19T15:16:09.723Z", "key": 1, "value": "13"}}, {"model": "my_admin.gitlabmetrics", "pk": 24, "fields": {"fetch_date": "2020-05-19T15:16:09.729Z", "key": 2, "value": "0"}}, {"model": "auth.permission", "pk": 1, "fields": {"name": "Can add bookmark", "content_type": 1, "codename": "add_bookmark"}}, {"model": "auth.permission", "pk": 2, "fields": {"name": "Can change bookmark", "content_type": 1, "codename": "change_bookmark"}}, {"model": "auth.permission", "pk": 3, "fields": {"name": "Can delete bookmark", "content_type": 1, "codename": "delete_bookmark"}}, {"model": "auth.permission", "pk": 4, "fields": {"name": "Can view bookmark", "content_type": 1, "codename": "view_bookmark"}}, {"model": "auth.permission", "pk": 5, "fields": {"name": "Can add dashboard preferences", "content_type": 2, "codename": "add_dashboardpreferences"}}, {"model": "auth.permission", "pk": 6, "fields": {"name": "Can change dashboard preferences", "content_type": 2, "codename": "change_dashboardpreferences"}}, {"model": "auth.permission", "pk": 7, "fields": {"name": "Can delete dashboard preferences", "content_type": 2, "codename": "delete_dashboardpreferences"}}, {"model": "auth.permission", "pk": 8, "fields": {"name": "Can view dashboard preferences", "content_type": 2, "codename": "view_dashboardpreferences"}}, {"model": "auth.permission", "pk": 9, "fields": {"name": "Can add dialog", "content_type": 3, "codename": "add_dialog"}}, {"model": "auth.permission", "pk": 10, "fields": {"name": "Can change dialog", "content_type": 3, "codename": "change_dialog"}}, {"model": "auth.permission", "pk": 11, "fields": {"name": "Can delete dialog", "content_type": 3, "codename": "delete_dialog"}}, {"model": "auth.permission", "pk": 12, "fields": {"name": "Can view dialog", "content_type": 3, "codename": "view_dialog"}}, {"model": "auth.permission", "pk": 13, "fields": {"name": "Can add message", "content_type": 4, "codename": "add_message"}}, {"model": "auth.permission", "pk": 14, "fields": {"name": "Can change message", "content_type": 4, "codename": "change_message"}}, {"model": "auth.permission", "pk": 15, "fields": {"name": "Can delete message", "content_type": 4, "codename": "delete_message"}}, {"model": "auth.permission", "pk": 16, "fields": {"name": "Can view message", "content_type": 4, "codename": "view_message"}}, {"model": "auth.permission", "pk": 17, "fields": {"name": "Can add user profile", "content_type": 5, "codename": "add_userprofile"}}, {"model": "auth.permission", "pk": 18, "fields": {"name": "Can change user profile", "content_type": 5, "codename": "change_userprofile"}}, {"model": "auth.permission", "pk": 19, "fields": {"name": "Can delete user profile", "content_type": 5, "codename": "delete_userprofile"}}, {"model": "auth.permission", "pk": 20, "fields": {"name": "Can view user profile", "content_type": 5, "codename": "view_userprofile"}}, {"model": "auth.permission", "pk": 21, "fields": {"name": "Can add wiki page", "content_type": 6, "codename": "add_wikipage"}}, {"model": "auth.permission", "pk": 22, "fields": {"name": "Can change wiki page", "content_type": 6, "codename": "change_wikipage"}}, {"model": "auth.permission", "pk": 23, "fields": {"name": "Can delete wiki page", "content_type": 6, "codename": "delete_wikipage"}}, {"model": "auth.permission", "pk": 24, "fields": {"name": "Can view wiki page", "content_type": 6, "codename": "view_wikipage"}}, {"model": "auth.permission", "pk": 25, "fields": {"name": "Can add contact", "content_type": 7, "codename": "add_contact"}}, {"model": "auth.permission", "pk": 26, "fields": {"name": "Can change contact", "content_type": 7, "codename": "change_contact"}}, {"model": "auth.permission", "pk": 27, "fields": {"name": "Can delete contact", "content_type": 7, "codename": "delete_contact"}}, {"model": "auth.permission", "pk": 28, "fields": {"name": "Can view contact", "content_type": 7, "codename": "view_contact"}}, {"model": "auth.permission", "pk": 29, "fields": {"name": "Can add log entry", "content_type": 8, "codename": "add_logentry"}}, {"model": "auth.permission", "pk": 30, "fields": {"name": "Can change log entry", "content_type": 8, "codename": "change_logentry"}}, {"model": "auth.permission", "pk": 31, "fields": {"name": "Can delete log entry", "content_type": 8, "codename": "delete_logentry"}}, {"model": "auth.permission", "pk": 32, "fields": {"name": "Can view log entry", "content_type": 8, "codename": "view_logentry"}}, {"model": "auth.permission", "pk": 33, "fields": {"name": "Can add permission", "content_type": 9, "codename": "add_permission"}}, {"model": "auth.permission", "pk": 34, "fields": {"name": "Can change permission", "content_type": 9, "codename": "change_permission"}}, {"model": "auth.permission", "pk": 35, "fields": {"name": "Can delete permission", "content_type": 9, "codename": "delete_permission"}}, {"model": "auth.permission", "pk": 36, "fields": {"name": "Can view permission", "content_type": 9, "codename": "view_permission"}}, {"model": "auth.permission", "pk": 37, "fields": {"name": "Can add group", "content_type": 10, "codename": "add_group"}}, {"model": "auth.permission", "pk": 38, "fields": {"name": "Can change group", "content_type": 10, "codename": "change_group"}}, {"model": "auth.permission", "pk": 39, "fields": {"name": "Can delete group", "content_type": 10, "codename": "delete_group"}}, {"model": "auth.permission", "pk": 40, "fields": {"name": "Can view group", "content_type": 10, "codename": "view_group"}}, {"model": "auth.permission", "pk": 41, "fields": {"name": "Can add user", "content_type": 11, "codename": "add_user"}}, {"model": "auth.permission", "pk": 42, "fields": {"name": "Can change user", "content_type": 11, "codename": "change_user"}}, {"model": "auth.permission", "pk": 43, "fields": {"name": "Can delete user", "content_type": 11, "codename": "delete_user"}}, {"model": "auth.permission", "pk": 44, "fields": {"name": "Can view user", "content_type": 11, "codename": "view_user"}}, {"model": "auth.permission", "pk": 45, "fields": {"name": "Can add content type", "content_type": 12, "codename": "add_contenttype"}}, {"model": "auth.permission", "pk": 46, "fields": {"name": "Can change content type", "content_type": 12, "codename": "change_contenttype"}}, {"model": "auth.permission", "pk": 47, "fields": {"name": "Can delete content type", "content_type": 12, "codename": "delete_contenttype"}}, {"model": "auth.permission", "pk": 48, "fields": {"name": "Can view content type", "content_type": 12, "codename": "view_contenttype"}}, {"model": "auth.permission", "pk": 49, "fields": {"name": "Can add session", "content_type": 13, "codename": "add_session"}}, {"model": "auth.permission", "pk": 50, "fields": {"name": "Can change session", "content_type": 13, "codename": "change_session"}}, {"model": "auth.permission", "pk": 51, "fields": {"name": "Can delete session", "content_type": 13, "codename": "delete_session"}}, {"model": "auth.permission", "pk": 52, "fields": {"name": "Can view session", "content_type": 13, "codename": "view_session"}}, {"model": "auth.permission", "pk": 53, "fields": {"name": "Can add invite", "content_type": 14, "codename": "add_invite"}}, {"model": "auth.permission", "pk": 54, "fields": {"name": "Can change invite", "content_type": 14, "codename": "change_invite"}}, {"model": "auth.permission", "pk": 55, "fields": {"name": "Can delete invite", "content_type": 14, "codename": "delete_invite"}}, {"model": "auth.permission", "pk": 56, "fields": {"name": "Can view invite", "content_type": 14, "codename": "view_invite"}}, {"model": "auth.permission", "pk": 57, "fields": {"name": "Can add gitlab metrics", "content_type": 15, "codename": "add_gitlabmetrics"}}, {"model": "auth.permission", "pk": 58, "fields": {"name": "Can change gitlab metrics", "content_type": 15, "codename": "change_gitlabmetrics"}}, {"model": "auth.permission", "pk": 59, "fields": {"name": "Can delete gitlab metrics", "content_type": 15, "codename": "delete_gitlabmetrics"}}, {"model": "auth.permission", "pk": 60, "fields": {"name": "Can view gitlab metrics", "content_type": 15, "codename": "view_gitlabmetrics"}}, {"model": "auth.user", "pk": 1, "fields": {"password": "pbkdf2_sha256$180000$a0HkyzgbbNbY$PqxKu2tV3QiPvlmlz9log/44/fVPKUThj0iFO5+TPQM=", "last_login": "2020-05-19T15:17:06.280Z", "is_superuser": true, "username": "prom", "first_name": "", "last_name": "", "email": "", "is_staff": true, "is_active": true, "date_joined": "2020-05-19T14:46:23.304Z", "groups": [], "user_permissions": []}}, {"model": "auth.user", "pk": 2, "fields": {"password": "pbkdf2_sha256$180000$HXBYRGvAdi18$FOBD1LzRYv69JhpAs9JSbi1Z3JkpT8My0ECD6aVotI0=", "last_login": "2020-05-19T15:17:05.611Z", "is_superuser": true, "username": "rapier", "first_name": "", "last_name": "", "email": "", "is_staff": true, "is_active": true, "date_joined": "2020-05-19T14:46:41.143Z", "groups": [], "user_permissions": []}}, {"model": "auth.user", "pk": 3, "fields": {"password": "pbkdf2_sha256$180000$IpEQMxj54r01$fT2rYBTGJvrCvNau42h9xxSo3m12agK3KNLXQ/GojjI=", "last_login": null, "is_superuser": true, "username": "vasya", "first_name": "", "last_name": "", "email": "", "is_staff": true, "is_active": true, "date_joined": "2020-05-19T14:46:59.909Z", "groups": [], "user_permissions": []}}, {"model": "my_admin.invite", "pk": "8e660d8c-7e97-4636-a433-4ee21cffbc16", "fields": {"is_active": true, "created_at": "2020-05-19T14:49:26.776Z", "used_at": null, "for_user": null}}, {"model": "my_admin.invite", "pk": "be95691d-869a-4460-abc5-a3bd4a48c62c", "fields": {"is_active": true, "created_at": "2020-05-19T14:49:24.204Z", "used_at": null, "for_user": null}}, {"model": "my_admin.invite", "pk": "c0131d62-9161-4114-b6aa-dcf6a42660e0", "fields": {"is_active": false, "created_at": "2020-05-19T14:56:04.469Z", "used_at": null, "for_user": null}}, {"model": "main.message", "pk": 1, "fields": {"text": "haha", "user": 1, "dialog": "3b0da1d8-ff62-4798-b466-d1ef70f4bea1", "create_date": "2020-05-19T14:52:28.555Z", "is_read": true}}, {"model": "main.message", "pk": 2, "fields": {"text": "hello", "user": 1, "dialog": "3b0da1d8-ff62-4798-b466-d1ef70f4bea1", "create_date": "2020-05-19T14:52:33.035Z", "is_read": true}}, {"model": "main.message", "pk": 3, "fields": {"text": "how are you?", "user": 1, "dialog": "3b0da1d8-ff62-4798-b466-d1ef70f4bea1", "create_date": "2020-05-19T14:52:42.338Z", "is_read": true}}, {"model": "main.message", "pk": 4, "fields": {"text": "I'm thanks", "user": 1, "dialog": "3b0da1d8-ff62-4798-b466-d1ef70f4bea1", "create_date": "2020-05-19T14:52:52.640Z", "is_read": true}}, {"model": "main.message", "pk": 5, "fields": {"text": "gg", "user": 2, "dialog": "cb69f7d4-91fd-4dd4-a7a4-97b3f54f3e58", "create_date": "2020-05-19T14:58:42.485Z", "is_read": false}}, {"model": "main.message", "pk": 6, "fields": {"text": "glhf", "user": 2, "dialog": "cb69f7d4-91fd-4dd4-a7a4-97b3f54f3e58", "create_date": "2020-05-19T14:58:48.122Z", "is_read": false}}, {"model": "main.message", "pk": 7, "fields": {"text": "Pascal is the best", "user": 2, "dialog": "cb69f7d4-91fd-4dd4-a7a4-97b3f54f3e58", "create_date": "2020-05-19T14:59:03.924Z", "is_read": false}}, {"model": "main.message", "pk": 8, "fields": {"text": "ye ye", "user": 2, "dialog": "cb69f7d4-91fd-4dd4-a7a4-97b3f54f3e58", "create_date": "2020-05-19T14:59:07.112Z", "is_read": false}}, {"model": "main.message", "pk": 9, "fields": {"text": "something", "user": 2, "dialog": "3b0da1d8-ff62-4798-b466-d1ef70f4bea1", "create_date": "2020-05-19T16:59:07.112Z", "is_read": false}}, {"model": "main.message", "pk": 10, "fields": {"text": "something 2", "user": 2, "dialog": "3b0da1d8-ff62-4798-b466-d1ef70f4bea1", "create_date": "2020-05-19T17:59:07.112Z", "is_read": false}}, {"model": "main.message", "pk": 11, "fields": {"text": "haha", "user": 2, "dialog": "3b0da1d8-ff62-4798-b466-d1ef70f4bea1", "create_date": "2020-05-19T15:16:18.843Z", "is_read": false}}, {"model": "main.message", "pk": 12, "fields": {"text": "yes", "user": 2, "dialog": "3b0da1d8-ff62-4798-b466-d1ef70f4bea1", "create_date": "2020-05-19T15:16:22.531Z", "is_read": false}}, {"model": "main.message", "pk": 13, "fields": {"text": "lox", "user": 2, "dialog": "3b0da1d8-ff62-4798-b466-d1ef70f4bea1", "create_date": "2020-05-19T15:16:25.617Z", "is_read": false}}, {"model": "main.dialog", "pk": "3b0da1d8-ff62-4798-b466-d1ef70f4bea1", "fields": {"create_date": "2020-05-19T14:52:20.414Z", "name": "", "users": [1, 2]}}, {"model": "main.dialog", "pk": "cb69f7d4-91fd-4dd4-a7a4-97b3f54f3e58", "fields": {"create_date": "2020-05-19T14:58:39.234Z", "name": "first", "users": [2]}}, {"model": "main.contact", "pk": 1, "fields": {"user": 1, "contact": 2}}, {"model": "main.userprofile", "pk": 1, "fields": {"avatar": "", "width_field": 0, "height_field": 0, "bio": "Hey there! I'm using dmess", "is_online": true, "last_online": "2020-05-19T14:53:05.134Z"}}, {"model": "main.userprofile", "pk": 2, "fields": {"avatar": "", "width_field": 0, "height_field": 0, "bio": "Hey there! I'm using dmess", "is_online": true, "last_online": "2020-05-19T14:58:55.177Z"}}, {"model": "main.userprofile", "pk": 3, "fields": {"avatar": "", "width_field": 0, "height_field": 0, "bio": "Hey there! I'm using dmess", "is_online": false, "last_online": "2020-05-19T14:47:00.043Z"}}]