[{"model": "contenttypes.contenttype", "pk": 1, "fields": {"app_label": "menu", "model": "bookmark"}}, {"model": "contenttypes.contenttype", "pk": 2, "fields": {"app_label": "dashboard", "model": "dashboardpreferences"}}, {"model": "contenttypes.contenttype", "pk": 3, "fields": {"app_label": "main", "model": "dialog"}}, {"model": "contenttypes.contenttype", "pk": 4, "fields": {"app_label": "main", "model": "message"}}, {"model": "contenttypes.contenttype", "pk": 5, "fields": {"app_label": "main", "model": "userprofile"}}, {"model": "contenttypes.contenttype", "pk": 6, "fields": {"app_label": "main", "model": "wikipage"}}, {"model": "contenttypes.contenttype", "pk": 7, "fields": {"app_label": "main", "model": "contact"}}, {"model": "contenttypes.contenttype", "pk": 8, "fields": {"app_label": "admin", "model": "logentry"}}, {"model": "contenttypes.contenttype", "pk": 9, "fields": {"app_label": "auth", "model": "permission"}}, {"model": "contenttypes.contenttype", "pk": 10, "fields": {"app_label": "auth", "model": "group"}}, {"model": "contenttypes.contenttype", "pk": 11, "fields": {"app_label": "auth", "model": "user"}}, {"model": "contenttypes.contenttype", "pk": 12, "fields": {"app_label": "contenttypes", "model": "contenttype"}}, {"model": "contenttypes.contenttype", "pk": 13, "fields": {"app_label": "sessions", "model": "session"}}, {"model": "contenttypes.contenttype", "pk": 14, "fields": {"app_label": "my_admin", "model": "invite"}}, {"model": "contenttypes.contenttype", "pk": 15, "fields": {"app_label": "my_admin", "model": "gitlabmetrics"}}, {"model": "my_admin.gitlabmetrics", "pk": 1, "fields": {"fetch_date": "2020-05-17T07:38:54.199Z", "key": 3, "value": "30"}}, {"model": "my_admin.gitlabmetrics", "pk": 2, "fields": {"fetch_date": "2020-05-17T07:38:54.209Z", "key": 4, "value": "595"}}, {"model": "my_admin.gitlabmetrics", "pk": 3, "fields": {"fetch_date": "2020-05-17T07:38:54.214Z", "key": 1, "value": "20"}}, {"model": "my_admin.gitlabmetrics", "pk": 4, "fields": {"fetch_date": "2020-05-17T07:38:54.220Z", "key": 2, "value": "1"}}, {"model": "my_admin.gitlabmetrics", "pk": 5, "fields": {"fetch_date": "2020-05-17T07:43:54.062Z", "key": 3, "value": "30"}}, {"model": "my_admin.gitlabmetrics", "pk": 6, "fields": {"fetch_date": "2020-05-17T07:43:54.076Z", "key": 4, "value": "595"}}, {"model": "my_admin.gitlabmetrics", "pk": 7, "fields": {"fetch_date": "2020-05-17T07:43:54.084Z", "key": 1, "value": "20"}}, {"model": "my_admin.gitlabmetrics", "pk": 8, "fields": {"fetch_date": "2020-05-17T07:43:54.099Z", "key": 2, "value": "1"}}, {"model": "my_admin.gitlabmetrics", "pk": 9, "fields": {"fetch_date": "2020-05-17T07:53:54.229Z", "key": 3, "value": "30"}}, {"model": "my_admin.gitlabmetrics", "pk": 10, "fields": {"fetch_date": "2020-05-17T07:53:54.235Z", "key": 4, "value": "595"}}, {"model": "my_admin.gitlabmetrics", "pk": 11, "fields": {"fetch_date": "2020-05-17T07:53:54.242Z", "key": 1, "value": "20"}}, {"model": "my_admin.gitlabmetrics", "pk": 12, "fields": {"fetch_date": "2020-05-17T07:53:54.249Z", "key": 2, "value": "1"}}, {"model": "my_admin.gitlabmetrics", "pk": 13, "fields": {"fetch_date": "2020-05-17T07:58:54.409Z", "key": 3, "value": "30"}}, {"model": "my_admin.gitlabmetrics", "pk": 14, "fields": {"fetch_date": "2020-05-17T07:58:54.416Z", "key": 4, "value": "595"}}, {"model": "my_admin.gitlabmetrics", "pk": 15, "fields": {"fetch_date": "2020-05-17T07:58:54.423Z", "key": 1, "value": "20"}}, {"model": "my_admin.gitlabmetrics", "pk": 16, "fields": {"fetch_date": "2020-05-17T07:58:54.428Z", "key": 2, "value": "1"}}, {"model": "my_admin.gitlabmetrics", "pk": 17, "fields": {"fetch_date": "2020-05-17T08:03:59.446Z", "key": 3, "value": "30"}}, {"model": "my_admin.gitlabmetrics", "pk": 18, "fields": {"fetch_date": "2020-05-17T08:03:59.457Z", "key": 4, "value": "595"}}, {"model": "my_admin.gitlabmetrics", "pk": 19, "fields": {"fetch_date": "2020-05-17T08:03:59.462Z", "key": 1, "value": "20"}}, {"model": "my_admin.gitlabmetrics", "pk": 20, "fields": {"fetch_date": "2020-05-17T08:03:59.469Z", "key": 2, "value": "1"}}, {"model": "my_admin.gitlabmetrics", "pk": 21, "fields": {"fetch_date": "2020-05-17T08:08:54.676Z", "key": 3, "value": "30"}}, {"model": "my_admin.gitlabmetrics", "pk": 22, "fields": {"fetch_date": "2020-05-17T08:08:54.685Z", "key": 4, "value": "595"}}, {"model": "my_admin.gitlabmetrics", "pk": 23, "fields": {"fetch_date": "2020-05-17T08:08:54.693Z", "key": 1, "value": "20"}}, {"model": "my_admin.gitlabmetrics", "pk": 24, "fields": {"fetch_date": "2020-05-17T08:08:54.701Z", "key": 2, "value": "1"}}, {"model": "my_admin.gitlabmetrics", "pk": 25, "fields": {"fetch_date": "2020-05-17T08:13:54.718Z", "key": 3, "value": "30"}}, {"model": "my_admin.gitlabmetrics", "pk": 26, "fields": {"fetch_date": "2020-05-17T08:13:54.725Z", "key": 4, "value": "595"}}, {"model": "my_admin.gitlabmetrics", "pk": 27, "fields": {"fetch_date": "2020-05-17T08:13:54.731Z", "key": 1, "value": "20"}}, {"model": "my_admin.gitlabmetrics", "pk": 28, "fields": {"fetch_date": "2020-05-17T08:13:54.738Z", "key": 2, "value": "1"}}, {"model": "my_admin.gitlabmetrics", "pk": 29, "fields": {"fetch_date": "2020-05-17T08:18:54.943Z", "key": 3, "value": "30"}}, {"model": "my_admin.gitlabmetrics", "pk": 30, "fields": {"fetch_date": "2020-05-17T08:18:54.950Z", "key": 4, "value": "595"}}, {"model": "my_admin.gitlabmetrics", "pk": 31, "fields": {"fetch_date": "2020-05-17T08:18:54.956Z", "key": 1, "value": "20"}}, {"model": "my_admin.gitlabmetrics", "pk": 32, "fields": {"fetch_date": "2020-05-17T08:18:54.962Z", "key": 2, "value": "1"}}, {"model": "my_admin.gitlabmetrics", "pk": 33, "fields": {"fetch_date": "2020-05-17T08:23:54.607Z", "key": 3, "value": "30"}}, {"model": "my_admin.gitlabmetrics", "pk": 34, "fields": {"fetch_date": "2020-05-17T08:23:54.622Z", "key": 4, "value": "595"}}, {"model": "my_admin.gitlabmetrics", "pk": 35, "fields": {"fetch_date": "2020-05-17T08:23:54.642Z", "key": 1, "value": "17"}}, {"model": "my_admin.gitlabmetrics", "pk": 36, "fields": {"fetch_date": "2020-05-17T08:23:54.653Z", "key": 2, "value": "1"}}, {"model": "my_admin.gitlabmetrics", "pk": 37, "fields": {"fetch_date": "2020-05-17T08:28:54.660Z", "key": 3, "value": "30"}}, {"model": "my_admin.gitlabmetrics", "pk": 38, "fields": {"fetch_date": "2020-05-17T08:28:54.667Z", "key": 4, "value": "595"}}, {"model": "my_admin.gitlabmetrics", "pk": 39, "fields": {"fetch_date": "2020-05-17T08:28:54.673Z", "key": 1, "value": "17"}}, {"model": "my_admin.gitlabmetrics", "pk": 40, "fields": {"fetch_date": "2020-05-17T08:28:54.680Z", "key": 2, "value": "1"}}, {"model": "my_admin.gitlabmetrics", "pk": 41, "fields": {"fetch_date": "2020-05-17T08:33:55.021Z", "key": 3, "value": "30"}}, {"model": "my_admin.gitlabmetrics", "pk": 42, "fields": {"fetch_date": "2020-05-17T08:33:55.028Z", "key": 4, "value": "595"}}, {"model": "my_admin.gitlabmetrics", "pk": 43, "fields": {"fetch_date": "2020-05-17T08:33:55.033Z", "key": 1, "value": "17"}}, {"model": "my_admin.gitlabmetrics", "pk": 44, "fields": {"fetch_date": "2020-05-17T08:33:55.039Z", "key": 2, "value": "1"}}, {"model": "my_admin.gitlabmetrics", "pk": 45, "fields": {"fetch_date": "2020-05-17T08:38:54.879Z", "key": 3, "value": "30"}}, {"model": "my_admin.gitlabmetrics", "pk": 46, "fields": {"fetch_date": "2020-05-17T08:38:54.887Z", "key": 4, "value": "595"}}, {"model": "my_admin.gitlabmetrics", "pk": 47, "fields": {"fetch_date": "2020-05-17T08:38:54.894Z", "key": 1, "value": "17"}}, {"model": "my_admin.gitlabmetrics", "pk": 48, "fields": {"fetch_date": "2020-05-17T08:38:54.899Z", "key": 2, "value": "1"}}, {"model": "my_admin.gitlabmetrics", "pk": 49, "fields": {"fetch_date": "2020-05-17T08:43:54.983Z", "key": 3, "value": "30"}}, {"model": "my_admin.gitlabmetrics", "pk": 50, "fields": {"fetch_date": "2020-05-17T08:43:54.991Z", "key": 4, "value": "595"}}, {"model": "my_admin.gitlabmetrics", "pk": 51, "fields": {"fetch_date": "2020-05-17T08:43:54.997Z", "key": 1, "value": "17"}}, {"model": "my_admin.gitlabmetrics", "pk": 52, "fields": {"fetch_date": "2020-05-17T08:43:55.003Z", "key": 2, "value": "1"}}, {"model": "my_admin.gitlabmetrics", "pk": 53, "fields": {"fetch_date": "2020-05-17T08:48:55.128Z", "key": 3, "value": "29"}}, {"model": "my_admin.gitlabmetrics", "pk": 54, "fields": {"fetch_date": "2020-05-17T08:48:55.141Z", "key": 4, "value": "601"}}, {"model": "my_admin.gitlabmetrics", "pk": 55, "fields": {"fetch_date": "2020-05-17T08:48:55.150Z", "key": 1, "value": "17"}}, {"model": "my_admin.gitlabmetrics", "pk": 56, "fields": {"fetch_date": "2020-05-17T08:48:55.160Z", "key": 2, "value": "1"}}, {"model": "my_admin.gitlabmetrics", "pk": 57, "fields": {"fetch_date": "2020-05-17T08:53:55.064Z", "key": 3, "value": "29"}}, {"model": "my_admin.gitlabmetrics", "pk": 58, "fields": {"fetch_date": "2020-05-17T08:53:55.072Z", "key": 4, "value": "601"}}, {"model": "my_admin.gitlabmetrics", "pk": 59, "fields": {"fetch_date": "2020-05-17T08:53:55.078Z", "key": 1, "value": "17"}}, {"model": "my_admin.gitlabmetrics", "pk": 60, "fields": {"fetch_date": "2020-05-17T08:53:55.085Z", "key": 2, "value": "1"}}, {"model": "my_admin.gitlabmetrics", "pk": 61, "fields": {"fetch_date": "2020-05-17T08:58:55.227Z", "key": 3, "value": "29"}}, {"model": "my_admin.gitlabmetrics", "pk": 62, "fields": {"fetch_date": "2020-05-17T08:58:55.234Z", "key": 4, "value": "601"}}, {"model": "my_admin.gitlabmetrics", "pk": 63, "fields": {"fetch_date": "2020-05-17T08:58:55.243Z", "key": 1, "value": "17"}}, {"model": "my_admin.gitlabmetrics", "pk": 64, "fields": {"fetch_date": "2020-05-17T08:58:55.252Z", "key": 2, "value": "1"}}, {"model": "my_admin.gitlabmetrics", "pk": 65, "fields": {"fetch_date": "2020-05-17T09:03:55.241Z", "key": 3, "value": "29"}}, {"model": "my_admin.gitlabmetrics", "pk": 66, "fields": {"fetch_date": "2020-05-17T09:03:55.248Z", "key": 4, "value": "601"}}, {"model": "my_admin.gitlabmetrics", "pk": 67, "fields": {"fetch_date": "2020-05-17T09:03:55.254Z", "key": 1, "value": "17"}}, {"model": "my_admin.gitlabmetrics", "pk": 68, "fields": {"fetch_date": "2020-05-17T09:03:55.260Z", "key": 2, "value": "1"}}, {"model": "my_admin.gitlabmetrics", "pk": 69, "fields": {"fetch_date": "2020-05-17T09:08:55.414Z", "key": 3, "value": "29"}}, {"model": "my_admin.gitlabmetrics", "pk": 70, "fields": {"fetch_date": "2020-05-17T09:08:55.424Z", "key": 4, "value": "601"}}, {"model": "my_admin.gitlabmetrics", "pk": 71, "fields": {"fetch_date": "2020-05-17T09:08:55.432Z", "key": 1, "value": "17"}}, {"model": "my_admin.gitlabmetrics", "pk": 72, "fields": {"fetch_date": "2020-05-17T09:08:55.438Z", "key": 2, "value": "1"}}, {"model": "my_admin.gitlabmetrics", "pk": 73, "fields": {"fetch_date": "2020-05-17T09:13:55.349Z", "key": 3, "value": "29"}}, {"model": "my_admin.gitlabmetrics", "pk": 74, "fields": {"fetch_date": "2020-05-17T09:13:55.355Z", "key": 4, "value": "601"}}, {"model": "my_admin.gitlabmetrics", "pk": 75, "fields": {"fetch_date": "2020-05-17T09:13:55.364Z", "key": 1, "value": "17"}}, {"model": "my_admin.gitlabmetrics", "pk": 76, "fields": {"fetch_date": "2020-05-17T09:13:55.372Z", "key": 2, "value": "1"}}, {"model": "my_admin.gitlabmetrics", "pk": 77, "fields": {"fetch_date": "2020-05-17T09:18:55.508Z", "key": 3, "value": "29"}}, {"model": "my_admin.gitlabmetrics", "pk": 78, "fields": {"fetch_date": "2020-05-17T09:18:55.517Z", "key": 4, "value": "601"}}, {"model": "my_admin.gitlabmetrics", "pk": 79, "fields": {"fetch_date": "2020-05-17T09:18:55.524Z", "key": 1, "value": "17"}}, {"model": "my_admin.gitlabmetrics", "pk": 80, "fields": {"fetch_date": "2020-05-17T09:18:55.530Z", "key": 2, "value": "1"}}, {"model": "my_admin.gitlabmetrics", "pk": 81, "fields": {"fetch_date": "2020-05-17T09:23:55.989Z", "key": 3, "value": "29"}}, {"model": "my_admin.gitlabmetrics", "pk": 82, "fields": {"fetch_date": "2020-05-17T09:23:55.998Z", "key": 4, "value": "601"}}, {"model": "my_admin.gitlabmetrics", "pk": 83, "fields": {"fetch_date": "2020-05-17T09:23:56.004Z", "key": 1, "value": "17"}}, {"model": "my_admin.gitlabmetrics", "pk": 84, "fields": {"fetch_date": "2020-05-17T09:23:56.012Z", "key": 2, "value": "1"}}, {"model": "my_admin.gitlabmetrics", "pk": 85, "fields": {"fetch_date": "2020-05-17T09:28:56.026Z", "key": 3, "value": "29"}}, {"model": "my_admin.gitlabmetrics", "pk": 86, "fields": {"fetch_date": "2020-05-17T09:28:56.034Z", "key": 4, "value": "601"}}, {"model": "my_admin.gitlabmetrics", "pk": 87, "fields": {"fetch_date": "2020-05-17T09:28:56.040Z", "key": 1, "value": "17"}}, {"model": "my_admin.gitlabmetrics", "pk": 88, "fields": {"fetch_date": "2020-05-17T09:28:56.050Z", "key": 2, "value": "1"}}, {"model": "my_admin.gitlabmetrics", "pk": 89, "fields": {"fetch_date": "2020-05-17T09:33:56.052Z", "key": 3, "value": "29"}}, {"model": "my_admin.gitlabmetrics", "pk": 90, "fields": {"fetch_date": "2020-05-17T09:33:56.058Z", "key": 4, "value": "601"}}, {"model": "my_admin.gitlabmetrics", "pk": 91, "fields": {"fetch_date": "2020-05-17T09:33:56.063Z", "key": 1, "value": "17"}}, {"model": "my_admin.gitlabmetrics", "pk": 92, "fields": {"fetch_date": "2020-05-17T09:33:56.068Z", "key": 2, "value": "1"}}, {"model": "my_admin.gitlabmetrics", "pk": 93, "fields": {"fetch_date": "2020-05-17T09:38:56.252Z", "key": 3, "value": "29"}}, {"model": "my_admin.gitlabmetrics", "pk": 94, "fields": {"fetch_date": "2020-05-17T09:38:56.285Z", "key": 4, "value": "601"}}, {"model": "my_admin.gitlabmetrics", "pk": 95, "fields": {"fetch_date": "2020-05-17T09:38:56.323Z", "key": 1, "value": "17"}}, {"model": "my_admin.gitlabmetrics", "pk": 96, "fields": {"fetch_date": "2020-05-17T09:38:56.333Z", "key": 2, "value": "1"}}, {"model": "auth.permission", "pk": 1, "fields": {"name": "Can add bookmark", "content_type": 1, "codename": "add_bookmark"}}, {"model": "auth.permission", "pk": 2, "fields": {"name": "Can change bookmark", "content_type": 1, "codename": "change_bookmark"}}, {"model": "auth.permission", "pk": 3, "fields": {"name": "Can delete bookmark", "content_type": 1, "codename": "delete_bookmark"}}, {"model": "auth.permission", "pk": 4, "fields": {"name": "Can view bookmark", "content_type": 1, "codename": "view_bookmark"}}, {"model": "auth.permission", "pk": 5, "fields": {"name": "Can add dashboard preferences", "content_type": 2, "codename": "add_dashboardpreferences"}}, {"model": "auth.permission", "pk": 6, "fields": {"name": "Can change dashboard preferences", "content_type": 2, "codename": "change_dashboardpreferences"}}, {"model": "auth.permission", "pk": 7, "fields": {"name": "Can delete dashboard preferences", "content_type": 2, "codename": "delete_dashboardpreferences"}}, {"model": "auth.permission", "pk": 8, "fields": {"name": "Can view dashboard preferences", "content_type": 2, "codename": "view_dashboardpreferences"}}, {"model": "auth.permission", "pk": 9, "fields": {"name": "Can add dialog", "content_type": 3, "codename": "add_dialog"}}, {"model": "auth.permission", "pk": 10, "fields": {"name": "Can change dialog", "content_type": 3, "codename": "change_dialog"}}, {"model": "auth.permission", "pk": 11, "fields": {"name": "Can delete dialog", "content_type": 3, "codename": "delete_dialog"}}, {"model": "auth.permission", "pk": 12, "fields": {"name": "Can view dialog", "content_type": 3, "codename": "view_dialog"}}, {"model": "auth.permission", "pk": 13, "fields": {"name": "Can add message", "content_type": 4, "codename": "add_message"}}, {"model": "auth.permission", "pk": 14, "fields": {"name": "Can change message", "content_type": 4, "codename": "change_message"}}, {"model": "auth.permission", "pk": 15, "fields": {"name": "Can delete message", "content_type": 4, "codename": "delete_message"}}, {"model": "auth.permission", "pk": 16, "fields": {"name": "Can view message", "content_type": 4, "codename": "view_message"}}, {"model": "auth.permission", "pk": 17, "fields": {"name": "Can add user profile", "content_type": 5, "codename": "add_userprofile"}}, {"model": "auth.permission", "pk": 18, "fields": {"name": "Can change user profile", "content_type": 5, "codename": "change_userprofile"}}, {"model": "auth.permission", "pk": 19, "fields": {"name": "Can delete user profile", "content_type": 5, "codename": "delete_userprofile"}}, {"model": "auth.permission", "pk": 20, "fields": {"name": "Can view user profile", "content_type": 5, "codename": "view_userprofile"}}, {"model": "auth.permission", "pk": 21, "fields": {"name": "Can add wiki page", "content_type": 6, "codename": "add_wikipage"}}, {"model": "auth.permission", "pk": 22, "fields": {"name": "Can change wiki page", "content_type": 6, "codename": "change_wikipage"}}, {"model": "auth.permission", "pk": 23, "fields": {"name": "Can delete wiki page", "content_type": 6, "codename": "delete_wikipage"}}, {"model": "auth.permission", "pk": 24, "fields": {"name": "Can view wiki page", "content_type": 6, "codename": "view_wikipage"}}, {"model": "auth.permission", "pk": 25, "fields": {"name": "Can add contact", "content_type": 7, "codename": "add_contact"}}, {"model": "auth.permission", "pk": 26, "fields": {"name": "Can change contact", "content_type": 7, "codename": "change_contact"}}, {"model": "auth.permission", "pk": 27, "fields": {"name": "Can delete contact", "content_type": 7, "codename": "delete_contact"}}, {"model": "auth.permission", "pk": 28, "fields": {"name": "Can view contact", "content_type": 7, "codename": "view_contact"}}, {"model": "auth.permission", "pk": 29, "fields": {"name": "Can add log entry", "content_type": 8, "codename": "add_logentry"}}, {"model": "auth.permission", "pk": 30, "fields": {"name": "Can change log entry", "content_type": 8, "codename": "change_logentry"}}, {"model": "auth.permission", "pk": 31, "fields": {"name": "Can delete log entry", "content_type": 8, "codename": "delete_logentry"}}, {"model": "auth.permission", "pk": 32, "fields": {"name": "Can view log entry", "content_type": 8, "codename": "view_logentry"}}, {"model": "auth.permission", "pk": 33, "fields": {"name": "Can add permission", "content_type": 9, "codename": "add_permission"}}, {"model": "auth.permission", "pk": 34, "fields": {"name": "Can change permission", "content_type": 9, "codename": "change_permission"}}, {"model": "auth.permission", "pk": 35, "fields": {"name": "Can delete permission", "content_type": 9, "codename": "delete_permission"}}, {"model": "auth.permission", "pk": 36, "fields": {"name": "Can view permission", "content_type": 9, "codename": "view_permission"}}, {"model": "auth.permission", "pk": 37, "fields": {"name": "Can add group", "content_type": 10, "codename": "add_group"}}, {"model": "auth.permission", "pk": 38, "fields": {"name": "Can change group", "content_type": 10, "codename": "change_group"}}, {"model": "auth.permission", "pk": 39, "fields": {"name": "Can delete group", "content_type": 10, "codename": "delete_group"}}, {"model": "auth.permission", "pk": 40, "fields": {"name": "Can view group", "content_type": 10, "codename": "view_group"}}, {"model": "auth.permission", "pk": 41, "fields": {"name": "Can add user", "content_type": 11, "codename": "add_user"}}, {"model": "auth.permission", "pk": 42, "fields": {"name": "Can change user", "content_type": 11, "codename": "change_user"}}, {"model": "auth.permission", "pk": 43, "fields": {"name": "Can delete user", "content_type": 11, "codename": "delete_user"}}, {"model": "auth.permission", "pk": 44, "fields": {"name": "Can view user", "content_type": 11, "codename": "view_user"}}, {"model": "auth.permission", "pk": 45, "fields": {"name": "Can add content type", "content_type": 12, "codename": "add_contenttype"}}, {"model": "auth.permission", "pk": 46, "fields": {"name": "Can change content type", "content_type": 12, "codename": "change_contenttype"}}, {"model": "auth.permission", "pk": 47, "fields": {"name": "Can delete content type", "content_type": 12, "codename": "delete_contenttype"}}, {"model": "auth.permission", "pk": 48, "fields": {"name": "Can view content type", "content_type": 12, "codename": "view_contenttype"}}, {"model": "auth.permission", "pk": 49, "fields": {"name": "Can add session", "content_type": 13, "codename": "add_session"}}, {"model": "auth.permission", "pk": 50, "fields": {"name": "Can change session", "content_type": 13, "codename": "change_session"}}, {"model": "auth.permission", "pk": 51, "fields": {"name": "Can delete session", "content_type": 13, "codename": "delete_session"}}, {"model": "auth.permission", "pk": 52, "fields": {"name": "Can view session", "content_type": 13, "codename": "view_session"}}, {"model": "auth.permission", "pk": 53, "fields": {"name": "Can add invite", "content_type": 14, "codename": "add_invite"}}, {"model": "auth.permission", "pk": 54, "fields": {"name": "Can change invite", "content_type": 14, "codename": "change_invite"}}, {"model": "auth.permission", "pk": 55, "fields": {"name": "Can delete invite", "content_type": 14, "codename": "delete_invite"}}, {"model": "auth.permission", "pk": 56, "fields": {"name": "Can view invite", "content_type": 14, "codename": "view_invite"}}, {"model": "auth.permission", "pk": 57, "fields": {"name": "Can add gitlab metrics", "content_type": 15, "codename": "add_gitlabmetrics"}}, {"model": "auth.permission", "pk": 58, "fields": {"name": "Can change gitlab metrics", "content_type": 15, "codename": "change_gitlabmetrics"}}, {"model": "auth.permission", "pk": 59, "fields": {"name": "Can delete gitlab metrics", "content_type": 15, "codename": "delete_gitlabmetrics"}}, {"model": "auth.permission", "pk": 60, "fields": {"name": "Can view gitlab metrics", "content_type": 15, "codename": "view_gitlabmetrics"}}, {"model": "auth.user", "pk": 1, "fields": {"password": "pbkdf2_sha256$180000$FR0mcFfzg0FJ$EPQUdvm0ie3exS0eogSkG5u+Y9eH3uWHVuZ12LUH4do=", "last_login": "2020-05-17T09:41:35.681Z", "is_superuser": true, "username": "prom", "first_name": "", "last_name": "", "email": "", "is_staff": true, "is_active": true, "date_joined": "2020-05-14T13:19:53.380Z", "groups": [], "user_permissions": []}}, {"model": "auth.user", "pk": 2, "fields": {"password": "pbkdf2_sha256$180000$pjOxUeEmMb51$HPSU5DLmxPqooY0dYegEcVsZtNaDdzQlYIPfPvq/o8Y=", "last_login": "2020-05-17T09:20:10.405Z", "is_superuser": true, "username": "rapier", "first_name": "", "last_name": "", "email": "", "is_staff": true, "is_active": true, "date_joined": "2020-05-14T13:20:08.810Z", "groups": [], "user_permissions": []}}, {"model": "auth.user", "pk": 3, "fields": {"password": "pbkdf2_sha256$180000$ph1vwE8ReWs3$2ce5bJ3IgzJwU9QViJLJM51foI9pslLoSqvALaezw4w=", "last_login": null, "is_superuser": false, "username": "vasya", "first_name": "", "last_name": "", "email": "", "is_staff": false, "is_active": true, "date_joined": "2020-05-15T14:59:44.245Z", "groups": [], "user_permissions": []}}, {"model": "my_admin.invite", "pk": "598ba2aa-1a34-4d09-8ef6-2b61c3c5a3d5", "fields": {"is_active": false, "created_at": "2020-05-14T13:20:40.383Z", "used_at": "2020-05-14T14:20:40.383Z", "for_user": 1}}, {"model": "my_admin.invite", "pk": "5c641cb8-a2b2-4db8-93a5-ab1c857a4ae8", "fields": {"is_active": true, "created_at": "2020-05-14T13:20:39.473Z", "used_at": null, "for_user": null}}, {"model": "my_admin.invite", "pk": "9a46812a-b0e8-44b0-b1cd-021a84aba71f", "fields": {"is_active": true, "created_at": "2020-05-14T13:20:38.499Z", "used_at": null, "for_user": null}}, {"model": "main.message", "pk": 1, "fields": {"text": "something", "user": 1, "dialog": "449411b9-1ea1-47ce-b0f8-523dc4d71f44", "create_date": "2020-05-14T13:23:32.558Z", "is_read": false}}, {"model": "main.message", "pk": 2, "fields": {"text": "yes", "user": 2, "dialog": "449411b9-1ea1-47ce-b0f8-523dc4d71f44", "create_date": "2020-05-14T13:23:46.640Z", "is_read": true}}, {"model": "main.message", "pk": 3, "fields": {"text": "haha", "user": 1, "dialog": "392234be-8847-400d-902a-4caa39505741", "create_date": "2020-05-17T09:39:39.611Z", "is_read": false}}, {"model": "main.message", "pk": 4, "fields": {"text": "haha", "user": 1, "dialog": "392234be-8847-400d-902a-4caa39505741", "create_date": "2020-05-17T09:39:42.094Z", "is_read": false}}, {"model": "main.message", "pk": 5, "fields": {"text": "ha", "user": 1, "dialog": "449411b9-1ea1-47ce-b0f8-523dc4d71f44", "create_date": "2020-05-17T09:40:37.620Z", "is_read": false}}, {"model": "main.message", "pk": 6, "fields": {"text": "ha", "user": 1, "dialog": "449411b9-1ea1-47ce-b0f8-523dc4d71f44", "create_date": "2020-05-17T09:40:38.764Z", "is_read": false}}, {"model": "main.message", "pk": 7, "fields": {"text": "ha", "user": 1, "dialog": "449411b9-1ea1-47ce-b0f8-523dc4d71f44", "create_date": "2020-05-17T09:40:39.659Z", "is_read": false}}, {"model": "main.message", "pk": 8, "fields": {"text": "ha", "user": 1, "dialog": "449411b9-1ea1-47ce-b0f8-523dc4d71f44", "create_date": "2020-05-17T09:40:40.754Z", "is_read": false}}, {"model": "main.message", "pk": 9, "fields": {"text": "ahha", "user": 1, "dialog": "449411b9-1ea1-47ce-b0f8-523dc4d71f44", "create_date": "2020-05-17T09:40:43.059Z", "is_read": false}}, {"model": "main.dialog", "pk": "392234be-8847-400d-902a-4caa39505741", "fields": {"create_date": "2020-05-17T09:39:31.028Z", "admin_only": false, "name": "test", "users": [1]}}, {"model": "main.dialog", "pk": "449411b9-1ea1-47ce-b0f8-523dc4d71f44", "fields": {"create_date": "2020-05-14T13:22:36.698Z", "admin_only": false, "name": "test", "users": [1, 2]}}, {"model": "main.contact", "pk": 1, "fields": {"user": 1, "contact": 2}}, {"model": "main.userprofile", "pk": 1, "fields": {"avatar": "", "width_field": 0, "height_field": 0, "bio": "Hey there! I'm using dmess", "is_online": true}}, {"model": "main.userprofile", "pk": 2, "fields": {"avatar": "", "width_field": 0, "height_field": 0, "bio": "Hey there! I'm using dmess", "is_online": false}}, {"model": "main.userprofile", "pk": 3, "fields": {"avatar": "", "width_field": 0, "height_field": 0, "bio": "Hey there! I'm using dmess", "is_online": false}}]